model_name,layer_idx,unrelated_entity_wins,unrelated_relation_wins,unrelated_original_retained,unrelated_mixed_or_other,n
Qwen/Qwen2.5-3B,34,0.9166666666666666,0.0,0.0,0.08333333333333333,132
meta-llama/Llama-3.2-3B,20,0.9696969696969697,0.0,0.0,0.030303030303030304,132
meta-llama/Meta-Llama-3-8B,24,0.9242424242424242,0.0,0.0,0.07575757575757576,132
microsoft/phi-2,28,0.9318181818181818,0.0,0.0,0.06818181818181818,132
